{"cameraMode":{"drawMode":0,"name":"Shaded","section":"Shading Mode"},"sceneLighting":false,"audioPlay":false,"sceneViewState":{"showFog":true,"showMaterialUpdate":false,"showSkybox":true,"showFlares":true,"showImageEffects":true,"showParticleSystems":true},"in2DMode":false,"pivot":{"x":-0.0000019073486328125,"y":-2.384185791015625e-7,"z":0.06418132781982422},"rotation":{"x":-0.004958494566380978,"y":-0.9902723431587219,"z":-0.13415464758872987,"w":0.036587905138731},"size":1.5401027202606202,"orthographic":false}