{"cameraMode":{"drawMode":0,"name":"Shaded","section":"Shading Mode"},"sceneLighting":false,"audioPlay":false,"sceneViewState":{"showFog":true,"showMaterialUpdate":false,"showSkybox":true,"showFlares":true,"showImageEffects":true,"showParticleSystems":true},"in2DMode":false,"pivot":{"x":-1.7615725994110108,"y":6.885403633117676,"z":-9.104451179504395},"rotation":{"x":-0.00033152554533444345,"y":-0.9976724982261658,"z":0.004836065229028463,"w":-0.06801566481590271},"size":16.12071418762207,"orthographic":false}