{"cameraMode":{"drawMode":0,"name":"Shaded","section":"Shading Mode"},"sceneLighting":false,"audioPlay":false,"sceneViewState":{"showFog":true,"showMaterialUpdate":false,"showSkybox":true,"showFlares":true,"showImageEffects":true,"showParticleSystems":true},"in2DMode":false,"pivot":{"x":-19.998798370361329,"y":0.5874208807945252,"z":-28.4437255859375},"rotation":{"x":0.02294108085334301,"y":0.11521425098180771,"z":0.0026620663702487947,"w":-0.9930721521377564},"size":0.9233292937278748,"orthographic":false}