{"cameraMode":{"drawMode":0,"name":"Shaded","section":"Shading Mode"},"sceneLighting":true,"audioPlay":false,"sceneViewState":{"showFog":true,"showMaterialUpdate":false,"showSkybox":true,"showFlares":true,"showImageEffects":true,"showParticleSystems":true},"in2DMode":false,"pivot":{"x":-17.189245223999025,"y":-2.1720168590545656,"z":-26.01304817199707},"rotation":{"x":-0.3761105537414551,"y":0.05831741541624069,"z":-0.02372629940509796,"w":-0.9244333505630493},"size":6.9158477783203129,"orthographic":false}