{"cameraMode":{"drawMode":0,"name":"Shaded","section":"Shading Mode"},"sceneLighting":true,"audioPlay":false,"sceneViewState":{"showFog":true,"showMaterialUpdate":false,"showSkybox":true,"showFlares":true,"showImageEffects":true,"showParticleSystems":true},"in2DMode":false,"pivot":{"x":27.015304565429689,"y":2.8312227725982668,"z":45.8116455078125},"rotation":{"x":-0.001017763395793736,"y":0.9969515800476074,"z":-0.013472415506839753,"w":-0.07684434205293656},"size":9.604690551757813,"orthographic":false}