{"cameraMode":{"drawMode":0,"name":"Shaded","section":"Shading Mode"},"sceneLighting":true,"audioPlay":false,"sceneViewState":{"showFog":true,"showMaterialUpdate":false,"showSkybox":true,"showFlares":true,"showImageEffects":true,"showParticleSystems":true},"in2DMode":false,"pivot":{"x":9.46753215789795,"y":4.069955825805664,"z":-3.1531710624694826},"rotation":{"x":0.002904328750446439,"y":0.9871729612350464,"z":-0.018076904118061067,"w":0.15860122442245484},"size":10.0,"orthographic":false}